{
  "version": "v4",
  "repo": "borisyankov/DefinitelyTyped",
  "ref": "master",
  "path": "typings",
  "bundle": "typings/tsd.d.ts",
  "installed": {
    "form-data/form-data.d.ts": {
      "commit": "36c6ce86fb64bafb28ec95dc78c6b98228b45c8d"
    },
    "node/node.d.ts": {
      "commit": "36c6ce86fb64bafb28ec95dc78c6b98228b45c8d"
    },
    "request/request.d.ts": {
      "commit": "36c6ce86fb64bafb28ec95dc78c6b98228b45c8d"
    },
    "bluebird/bluebird.d.ts": {
      "commit": "36c6ce86fb64bafb28ec95dc78c6b98228b45c8d"
    }
  }
}
